00:01,87.41,35.96,25514.332
00:02,87.12,35.61,25569.826
00:03,86.51,36.29,25860.253
00:04,86.51,36.3,25861.529
00:05,86.82,35.87,25708.411
00:06,87.12,35.16,25504.57
00:07,87.12,34.81,25452.724
00:08,87.12,34.31,25376.968
00:09,87.7,34.95,25247.134
00:10,87.98,34.8,25102.02
00:11,87.7,34.23,25129.417
00:12,87.41,34.67,25319.037
00:13,87.12,35.11,25497.222
00:14,87.41,35.34,25422.135
00:15,86.82,35.94,25717.901
00:16,87.12,36.2,25653.04
00:17,86.51,36.13,25839.748
00:18,85.87,35.44,25937.573
00:19,85.87,35.08,25892.726
00:20,85.87,34.75,25850.84
00:21,86.51,35.4,25743.91
00:22,86.2,35.95,25909.878
00:23,86.82,35.87,25708.411
00:24,87.12,36.34,25672.403
00:25,86.82,35.85,25705.693
00:26,86.2,36.13,25932.248
00:27,86.2,35.76,25886.027
00:28,86.82,36.16,25747.494
00:29,87.41,35.66,25470.1
00:30,87.41,35.76,25484.922
00:31,87.41,36.36,25572.219
00:32,87.41,36.64,25612.01
00:33,87.12,37.16,25782.928
00:34,87.7,37.81,25672.92
00:35,87.7,37.67,25653.554
00:36,87.41,38.1,25810.066
00:37,87.12,37.51,25828.634
00:38,86.82,37.15,25876.396
00:39,86.82,37.62,25935.212
00:40,86.82,37.01,25858.585
00:41,86.51,36.35,25867.897
00:42,86.82,36.01,25727.355
00:43,87.12,36.72,25724.229
00:44,87.12,36.84,25740.377
00:45,87.7,36.92,25547.299
00:46,87.41,36.19,25547.768
00:47,87.98,36.87,25431.687
00:48,87.41,37.0,25662.301
00:49,87.7,37.18,25584.619
00:50,87.7,37.7,25657.716
00:51,87.12,38.39,25939.791
00:52,87.41,38.45,25855.269
00:53,87.41,39.0,25924.591
00:54,87.98,39.39,25787.032
00:55,88.52,40.04,25677.215
00:56,88.52,40.03,25675.839
00:57,89.04,39.82,25434.332
00:58,89.53,40.32,25284.959
00:59,89.28,39.69,25301.254
01:00,89.04,40.47,25530.603
01:01,88.78,40.31,25612.708
01:02,88.52,39.79,25642.573
01:03,88.25,39.41,25691.332
01:04,88.25,39.16,25656.886
01:05,87.98,38.7,25694.465
01:06,87.7,38.84,25810.989
01:07,87.41,38.11,25811.369
01:08,86.82,38.08,25991.337
01:09,87.12,38.35,25934.853
01:10,86.82,38.16,26000.955
01:11,87.41,38.55,25868.028
01:12,87.41,38.9,25912.141
01:13,86.82,38.94,26092.554
01:14,87.12,38.79,25988.583
01:15,87.7,38.95,25825.285
01:16,87.7,39.23,25861.293
01:17,87.12,39.97,26126.453
01:18,86.82,40.2,26232.475
01:19,87.41,40.01,26046.601
01:20,87.41,39.97,26041.896
01:21,87.7,40.37,26002.362
01:22,88.25,39.79,25742.809
01:23,88.52,39.15,25551.74
01:24,88.25,39.08,25645.765
01:25,87.98,38.67,25690.362
01:26,87.7,38.04,25704.419
01:27,87.12,38.27,25924.944
01:28,86.82,38.53,26044.894
01:29,86.82,39.08,26108.585
01:30,86.82,38.31,26018.875
01:31,86.51,38.5,26125.933
01:32,86.2,38.03,26155.437
01:33,86.51,38.54,26130.452
01:34,86.51,38.79,26158.47
01:35,86.2,38.52,26209.319
01:36,86.2,38.48,26204.974
01:37,85.87,38.95,26331.473
01:38,85.87,38.4,26274.672
01:39,86.2,39.03,26263.873
01:40,85.55,39.69,26475.262
01:41,85.55,40.47,26546.763
01:42,85.21,40.34,26599.88
01:43,84.51,39.89,26685.372
01:44,84.86,40.16,26647.025
01:45,84.86,39.51,26591.4
01:46,84.51,39.71,26670.564
01:47,84.15,40.07,26758.152
01:48,84.15,40.53,26793.442
01:49,84.86,39.8,26616.469
01:50,84.51,39.75,26673.868
01:51,84.86,40.38,26665.396
01:52,85.55,40.24,26526.004
01:53,85.21,39.68,26541.594
01:54,85.87,39.01,26337.565
01:55,85.21,39.79,26551.459
01:56,85.55,39.41,26448.825
01:57,86.2,39.38,26300.432
01:58,86.51,39.31,26215.526
01:59,86.51,39.49,26234.897
02:00,86.2,40.14,26377.413
02:01,86.2,39.95,26358.471
02:02,85.87,39.56,26392.474
02:03,86.51,38.92,26172.888
02:04,86.2,38.33,26188.598
02:05,85.87,38.45,26279.907
02:06,86.51,38.1,26080.196
02:07,86.2,37.51,26096.644
02:08,86.51,37.91,26058.116
02:09,87.12,38.12,25906.25
02:10,87.7,38.41,25754.28
02:11,87.7,38.03,25703.058
02:12,87.12,38.62,25967.976
02:13,87.41,37.99,25795.681
02:14,87.41,38.75,25893.338
02:15,87.12,38.18,25913.746
02:16,86.51,38.64,26141.706
02:17,86.2,38.14,26167.66
02:18,85.87,37.75,26205.275
02:19,85.55,37.49,26255.996
02:20,85.21,36.94,26275.254
02:21,84.86,36.89,26345.469
02:22,84.15,37.02,26499.481
02:23,84.15,36.47,26447.938
02:24,83.4,36.59,26592.305
02:25,83.4,36.07,26546.367
02:26,84.15,35.48,26351.082
02:27,84.51,35.48,26275.861
02:28,84.51,35.12,26237.779
02:29,84.86,35.09,26154.513
02:30,85.21,35.3,26095.373
02:31,84.51,35.61,26289.427
02:32,84.15,36.14,26416.244
02:33,83.78,36.41,26510.769
02:34,83.4,36.35,26571.269
02:35,83.78,35.71,26445.35
02:36,83.78,35.17,26393.109
02:37,84.51,35.02,26227.065
02:38,84.86,35.4,26188.767
02:39,84.15,35.55,26358.107
02:40,84.15,35.0,26302.169
02:41,84.15,34.93,26294.926
02:42,84.51,34.66,26188.005
02:43,84.15,34.52,26251.938
02:44,84.15,34.05,26201.447
02:45,84.15,33.66,26158.547
02:46,83.4,34.2,26369.679
02:47,84.15,33.85,26179.562
02:48,83.78,33.71,26243.766
02:49,83.78,33.91,26264.944
02:50,84.15,33.88,26182.86
02:51,84.86,34.41,26077.301
02:52,84.51,34.9,26214.131
02:53,84.51,34.82,26205.461
02:54,85.21,34.17,25961.667
02:55,85.55,33.59,25795.567
02:56,85.87,33.67,25708.413
02:57,85.21,34.27,25973.835
02:58,85.55,33.84,25828.105
02:59,86.2,33.68,25608.261
03:00,86.82,34.03,25445.769
03:01,86.2,33.43,25572.739
03:02,85.55,33.95,25842.283
03:03,85.21,33.88,25926.004
03:04,85.21,33.24,25845.285
03:05,84.51,32.83,25977.06
03:06,84.51,32.28,25909.433
03:07,84.51,32.87,25981.9
03:08,83.78,32.91,26156.679
03:09,83.02,33.09,26331.785
03:10,82.62,32.85,26381.194
03:11,82.22,32.85,26452.181
03:12,82.62,33.07,26402.803
03:13,82.22,33.63,26524.587
03:14,82.22,33.21,26485.991
03:15,83.02,33.53,26375.939
03:16,83.02,33.05,26327.717
03:17,83.78,33.66,26238.435
03:18,84.51,33.11,26010.719
03:19,84.51,32.93,25989.14
03:20,83.78,33.3,26199.613
03:21,83.02,33.1,26332.8
03:22,82.22,32.74,26441.714
03:23,81.8,33.15,26547.4
03:24,82.62,32.74,26370.29
03:25,82.62,33.16,26411.567
03:26,82.22,33.0,26466.351
03:27,81.38,32.8,26581.324
03:28,81.8,33.08,26541.12
03:29,81.8,32.98,26532.107
03:30,81.8,32.69,26505.68
03:31,81.8,32.5,26488.133
03:32,81.8,32.71,26507.517
03:33,81.8,32.54,26491.842
03:34,82.62,32.08,26303.451
03:35,83.02,32.52,26272.961
03:36,82.22,33.12,26477.602
03:37,83.02,33.02,26324.66
03:38,82.62,32.44,26340.211
03:39,83.02,32.75,26296.921
03:40,83.78,33.34,26203.965
03:41,84.15,32.9,26072.259
03:42,84.51,32.9,25985.523
03:43,84.86,33.33,25948.611
03:44,84.15,33.13,26098.753
03:45,84.15,33.03,26087.275
03:46,84.15,32.7,26048.949
03:47,84.15,32.27,25997.962
03:48,83.4,32.37,26178.069
03:49,84.15,31.82,25943.309
03:50,83.4,32.41,26182.467
03:51,83.78,32.48,26108.264
03:52,84.51,32.74,25966.132
03:53,83.78,33.02,26168.882
03:54,83.4,32.6,26203.227
03:55,82.62,32.0,26295.182
03:56,83.02,32.51,26271.913
03:57,83.78,32.27,26084.202
03:58,84.15,32.48,26023.012
03:59,84.15,32.07,25973.837
04:00,84.86,32.57,25853.411
04:01,85.21,32.86,25796.018
04:02,85.21,33.04,25819.481
04:03,84.86,33.38,25954.738
04:04,84.86,33.62,25983.914
04:05,85.55,33.03,25721.071
04:06,86.2,33.66,25605.436
04:07,85.55,33.59,25795.567
04:08,85.87,32.94,25607.352
04:09,86.2,33.46,25577.026
04:10,85.87,33.95,25746.138
04:11,85.87,33.45,25678.371
04:12,85.87,33.49,25683.86
04:13,86.2,32.95,25503.195
04:14,85.87,32.67,25568.962
04:15,85.87,32.12,25489.033
04:16,86.51,32.21,25278.25
04:17,86.2,32.74,25472.207
04:18,85.55,33.05,25723.77
04:19,85.55,32.71,25677.484
04:20,84.86,33.16,25927.656
04:21,84.51,33.39,26043.868
04:22,84.15,33.19,26105.609
04:23,84.51,33.17,26017.865
04:24,83.78,33.73,26245.894
04:25,83.4,34.4,26389.467
04:26,82.62,33.94,26485.713
04:27,81.8,33.37,26566.977
04:28,82.62,32.98,26393.995
04:29,81.8,32.66,26502.922
04:30,82.62,33.16,26411.567
04:31,83.02,33.15,26337.87
04:32,82.62,33.21,26416.418
04:33,81.8,33.52,26580.187
04:34,82.62,32.87,26383.169
04:35,82.62,32.35,26331.089
04:36,82.62,32.19,26314.761
04:37,81.8,31.64,26406.341
04:38,82.22,31.92,26361.636
04:39,82.62,32.46,26342.232
04:40,83.02,32.7,26291.738
04:41,82.22,32.81,26448.382
04:42,82.62,33.42,26436.641
04:43,82.22,33.15,26480.403
04:44,81.8,33.72,26597.628
04:45,81.8,33.22,26553.655
04:46,82.62,33.23,26418.354
04:47,82.62,33.51,26445.237
04:48,82.62,33.9,26481.988
04:49,83.02,33.41,26364.004
04:50,83.78,33.78,26251.205
04:51,83.02,34.45,26464.846
04:52,83.4,34.4,26389.467
04:53,83.4,34.52,26401.235
04:54,83.02,34.89,26505.781
04:55,82.22,35.36,26674.327
04:56,81.38,35.79,26822.445
04:57,81.38,35.18,26776.504
04:58,81.38,35.25,26781.857
04:59,82.22,35.51,26686.637
05:00,83.02,35.87,26593.413
05:01,82.62,35.38,26614.387
05:02,83.02,35.92,26597.756
05:03,82.22,35.68,26700.463
05:04,82.62,35.83,26652.511
05:05,82.62,35.18,26597.13
05:06,81.8,34.96,26701.494
05:07,82.62,34.87,26569.997
05:08,83.02,35.07,26522.24
05:09,83.4,35.01,26448.48
05:10,82.62,34.89,26571.762
05:11,82.22,35.25,26665.233
05:12,83.02,35.0,26515.859
05:13,83.78,35.05,26381.285
05:14,84.51,34.85,26208.717
05:15,84.86,34.37,26072.669
05:16,84.51,33.95,26108.663
05:17,84.86,34.14,26045.836
05:18,84.15,34.47,26246.629
05:19,83.78,34.17,26292.128
05:20,83.4,34.15,26364.697
05:21,83.02,34.83,26500.258
05:22,83.02,35.45,26556.445
05:23,82.22,35.07,26650.231
05:24,82.22,34.39,26592.163
05:25,81.8,34.89,26695.822
05:26,82.62,35.48,26622.942
05:27,83.4,35.83,26524.709
05:28,83.78,36.52,26520.818
05:29,83.78,36.82,26547.913
05:30,84.51,36.35,26364.818
05:31,84.51,36.83,26412.09
05:32,84.15,36.99,26496.711
05:33,84.86,37.21,26377.469
05:34,84.15,37.43,26536.887
05:35,83.78,37.05,26568.38
05:36,83.78,37.57,26613.689
05:37,83.4,37.15,26640.298
05:38,84.15,37.03,26500.404
05:39,84.15,37.58,26550.358
05:40,83.4,37.05,26631.838
05:41,82.62,37.28,26768.977
05:42,81.8,37.75,26910.205
05:43,81.8,38.45,26957.577
05:44,81.38,39.05,27042.663
05:45,82.22,38.5,26911.417
05:46,81.8,38.88,26985.751
05:47,81.38,38.3,26995.569
05:48,81.8,38.63,26969.455
05:49,82.62,38.33,26847.543
05:50,82.62,37.63,26795.687
05:51,83.4,37.29,26652.062
05:52,83.78,37.15,26577.196
05:53,84.15,37.67,26558.387
05:54,84.86,37.32,26388.338
05:55,85.55,37.13,26217.5
05:56,85.87,37.84,26215.033
05:57,86.2,38.21,26175.399
05:58,85.87,38.26,26259.935
05:59,85.21,37.85,26368.253
06:00,85.87,37.88,26219.355
06:01,85.87,37.3,26155.752
06:02,85.55,37.61,26268.659
06:03,86.2,37.7,26118.321
06:04,86.2,37.31,26073.581
06:05,86.2,37.75,26123.988
06:06,86.51,37.96,26063.949
06:07,86.2,37.31,26073.581
06:08,85.55,37.0,26203.409
06:09,85.21,37.37,26319.784
06:10,85.87,37.76,26206.362
06:11,85.21,37.31,26313.634
06:12,84.51,36.76,26405.274
06:13,83.78,36.89,26554.17
06:14,84.51,37.55,26480.668
06:15,84.51,38.17,26537.55
06:16,84.51,37.82,26505.682
06:17,83.78,38.53,26693.933
06:18,83.4,38.7,26765.501
06:19,83.02,39.32,26866.113
06:20,83.78,39.6,26778.392
06:21,83.4,40.19,26875.928
06:22,84.15,40.21,26768.99
06:23,84.86,39.52,26592.272
06:24,84.86,39.6,26599.224
06:25,84.51,39.52,26654.77
06:26,84.51,39.26,26632.881
06:27,83.78,38.65,26703.661
06:28,83.02,39.29,26863.964
06:29,83.02,39.61,26886.697
06:30,83.78,39.15,26743.494
06:31,83.4,39.69,26839.909
06:32,82.62,39.51,26930.416
06:33,83.4,39.23,26805.855
06:34,84.15,39.03,26674.895
06:35,84.51,38.67,26582.005
06:36,85.21,39.07,26485.771
06:37,84.51,39.32,26637.961
06:38,85.21,39.03,26482.044
06:39,84.51,38.42,26559.933
06:40,84.51,38.85,26597.706
06:41,84.86,38.22,26474.808
06:42,84.15,38.06,26592.713
06:43,83.78,37.36,26595.55
06:44,84.51,37.08,26436.214
06:45,83.78,36.84,26549.704
06:46,83.4,37.0,26627.59
06:47,82.62,37.46,26782.78
06:48,83.02,37.86,26757.167
06:49,82.22,37.17,26816.122
06:50,81.8,36.55,26824.47
06:51,81.38,36.64,26883.866
06:52,82.22,36.15,26738.004
06:53,81.38,35.67,26813.533
06:54,82.22,35.68,26700.463
06:55,83.02,35.47,26558.225
06:56,83.78,35.21,26397.033
06:57,84.51,35.44,26271.667
06:58,84.86,35.48,26197.512
06:59,85.55,35.26,26004.785
07:00,85.55,35.11,25986.759
07:01,84.86,35.78,26229.965
07:02,84.51,35.77,26305.991
07:03,83.78,35.94,26467.127
07:04,83.02,35.54,26564.44
07:05,83.4,35.07,26454.177
07:06,83.78,35.41,26416.521
07:07,83.4,35.68,26511.025
07:08,83.02,35.51,26561.78
07:09,83.02,35.11,26525.874
07:10,82.22,35.37,26675.151
07:11,81.38,34.73,26741.581
07:12,81.38,34.11,26691.986
07:13,81.38,33.55,26645.676
07:14,80.95,34.04,26744.94
07:15,81.8,34.68,26678.67
07:16,81.38,34.81,26747.854
07:17,81.8,35.17,26718.377
07:18,82.22,34.9,26635.922
07:19,83.02,34.93,26509.453
07:20,83.02,35.42,26553.771
07:21,83.78,34.76,26352.383
07:22,84.51,34.81,26204.374
07:23,83.78,35.45,26420.393
07:24,83.02,34.87,26503.942
07:25,83.4,34.63,26411.954
07:26,82.62,34.46,26533.38
07:27,83.02,34.22,26443.044
07:28,83.4,34.32,26381.578
07:29,83.4,34.8,26428.39
07:30,84.15,35.16,26318.618
07:31,83.78,34.67,26343.319
07:32,83.02,34.87,26503.942
07:33,83.78,35.42,26417.49
07:34,83.4,36.1,26549.054
07:35,84.15,35.66,26369.091
07:36,83.4,36.15,26553.522
07:37,83.78,36.18,26489.556
07:38,83.02,36.72,26665.612
07:39,82.22,37.34,26828.708
07:40,81.38,37.76,26960.387
07:41,82.22,37.6,26847.723
07:42,83.02,37.08,26695.163
07:43,83.02,36.58,26653.957
07:44,83.02,36.38,26637.146
07:45,82.22,36.91,26796.636
07:46,83.02,36.96,26685.379
07:47,83.4,36.94,26622.477
07:48,84.15,37.33,26527.842
07:49,84.86,37.51,26406.956
07:50,84.51,38.2,26540.253
07:51,84.51,38.51,26567.915
07:52,83.78,38.89,26722.921
07:53,83.78,38.4,26683.319
07:54,84.51,38.92,26603.769
07:55,84.51,38.21,26541.153
07:56,84.15,37.98,26585.733
07:57,84.86,37.36,26392.274
07:58,85.21,37.63,26346.198
07:59,84.51,37.1,26438.13
08:00,84.51,37.17,26444.817
08:01,84.15,37.57,26549.464
08:02,83.78,37.69,26623.959
08:03,83.4,37.81,26694.952
08:04,82.62,37.82,26809.967
08:05,83.02,38.4,26798.518
08:06,82.62,38.32,26846.817
08:07,83.02,37.73,26747.022
08:08,82.22,37.13,26813.143
08:09,81.8,36.43,26815.57
08:10,82.62,37.11,26755.811
08:11,82.62,36.66,26720.343
08:12,81.8,36.35,26809.603
08:13,81.8,36.27,26803.609
08:14,81.38,36.77,26893.0
08:15,82.22,37.49,26839.713
08:16,82.22,37.19,26817.609
08:17,81.8,36.89,26849.358
08:18,81.8,37.44,26888.615
08:19,80.95,37.72,27005.303
08:20,80.95,38.37,27045.874
08:21,81.8,37.61,26900.502
08:22,82.22,38.22,26891.95
08:23,83.02,38.67,26818.723
08:24,83.78,38.1,26658.527
08:25,84.51,37.81,26504.762
08:26,84.15,37.98,26585.733
08:27,84.51,38.49,26566.145
08:28,84.51,37.74,26498.31
08:29,84.15,37.97,26584.858
08:30,84.86,37.3,26386.367
08:31,84.86,37.52,26407.93
08:32,84.51,37.57,26482.534
08:33,83.78,37.09,26571.912
08:34,83.4,36.69,26600.986
08:35,82.62,36.41,26700.245
08:36,83.02,36.4,26638.836
08:37,83.78,36.43,26512.601
08:38,83.02,37.13,26699.22
08:39,83.4,36.66,26598.387
08:40,84.15,36.78,26477.184
08:41,84.86,37.37,26393.256
08:42,85.21,36.85,26265.798
08:43,84.51,36.33,26362.821
08:44,84.86,36.06,26259.774
08:45,84.51,36.38,26367.81
08:46,85.21,36.94,26275.254
08:47,85.55,36.8,26181.532
08:48,84.86,37.32,26388.338
08:49,84.86,36.81,26337.38
08:50,84.51,36.22,26351.797
08:51,84.15,36.21,26423.016
08:52,83.78,35.83,26456.747
08:53,83.4,36.19,26557.087
08:54,83.4,36.64,26596.651
08:55,84.15,36.63,26463.096
08:56,84.51,36.49,26378.736
08:57,84.86,36.77,26333.322
08:58,85.55,36.78,26179.331
08:59,85.55,36.59,26158.301
09:00,85.21,36.12,26187.344
09:01,84.86,36.27,26281.829
09:02,85.55,36.57,26156.075
09:03,84.86,36.29,26283.917
09:04,84.86,36.45,26300.531
09:05,84.15,37.14,26510.518
09:06,84.51,36.78,26407.224
09:07,85.21,37.32,26314.66
09:08,85.87,37.37,26163.537
09:09,85.21,36.87,26267.904
09:10,85.55,36.26,26121.249
09:11,84.86,36.02,26255.544
09:12,84.51,35.84,26313.192
09:13,84.15,36.1,26412.362
09:14,84.86,36.01,26254.485
09:15,84.86,36.09,26262.94
09:16,85.55,36.36,26132.548
09:17,84.86,36.66,26322.116
09:18,84.51,36.11,26340.705
09:19,84.15,36.59,26459.319
09:20,84.51,36.3,26359.821
09:21,83.78,35.69,26443.443
09:22,83.4,35.25,26471.153
09:23,82.62,35.31,26608.369
09:24,82.62,35.22,26600.597
09:25,83.4,35.79,26521.071
09:26,82.62,35.88,26656.687
09:27,82.22,35.7,26702.081
09:28,82.62,36.26,26688.049
09:29,81.8,35.82,26769.382
09:30,81.8,36.15,26794.567
09:31,81.8,36.28,26804.36
09:32,82.22,36.71,26781.45
09:33,82.62,35.98,26665.006
09:34,82.22,35.31,26670.201
09:35,82.62,34.81,26564.691
09:36,81.8,34.88,26695.01
09:37,81.38,35.18,26776.504
09:38,81.38,35.43,26795.525
09:39,81.38,34.8,26747.072
09:40,81.8,35.49,26743.722
09:41,81.8,35.55,26748.423
09:42,82.22,35.36,26674.327
09:43,81.8,35.18,26719.176
09:44,81.8,35.53,26746.857
09:45,82.62,36.06,26671.627
09:46,83.02,35.46,26557.335
09:47,83.02,35.32,26544.825
09:48,82.22,35.29,26668.547
09:49,81.38,35.47,26798.543
09:50,81.38,34.9,26754.878
09:51,82.22,34.57,26607.751
09:52,81.38,33.9,26674.791
09:53,81.38,33.6,26649.87
09:54,81.8,32.98,26532.107
09:55,82.22,33.62,26523.679
09:56,82.62,33.08,26403.779
09:57,82.62,33.11,26406.704
09:58,83.4,33.16,26263.167
09:59,83.02,33.04,26326.699
10:00,83.02,33.14,26336.857
10:01,82.22,33.71,26531.837
10:02,82.22,34.2,26575.538
10:03,81.8,33.64,26590.675
10:04,81.8,33.54,26581.939
10:05,82.62,33.75,26467.948
10:06,82.22,33.5,26512.738
10:07,81.8,34.03,26624.278
10:08,80.95,34.23,26759.756
10:09,81.8,33.84,26607.999
10:10,82.22,34.06,26563.174
10:11,83.02,34.06,26427.712
10:12,82.62,33.61,26454.736
10:13,82.22,33.95,26553.392
10:14,82.62,33.7,26463.241
10:15,83.4,33.84,26333.502
10:16,83.4,33.87,26336.544
10:17,84.15,33.57,26148.515
10:18,83.4,34.09,26358.701
10:19,83.02,33.91,26413.214
10:20,83.4,34.47,26396.341
10:21,83.02,34.03,26424.822
10:22,82.22,34.34,26587.806
10:23,83.02,34.57,26476.11
10:24,83.02,34.51,26470.487
10:25,82.62,34.19,26508.802
10:26,82.22,34.59,26609.473
10:27,82.62,34.98,26579.679
10:28,83.4,35.04,26451.331
10:29,83.4,35.34,26479.578
10:30,83.78,34.86,26362.402
10:31,84.15,34.63,26263.568
10:32,83.78,34.26,26301.447
10:33,83.78,34.87,26363.401
10:34,84.51,35.34,26261.141
10:35,84.15,34.94,26295.963
10:36,83.4,35.01,26448.48
10:37,83.4,34.98,26445.624
10:38,83.78,35.56,26430.996
10:39,84.51,35.63,26291.506
10:40,84.51,35.77,26305.991
10:41,84.51,35.5,26277.954
10:42,85.21,35.42,26109.092
10:43,84.51,35.14,26239.914
10:44,84.15,34.58,26258.29
10:45,83.78,34.6,26336.237
10:46,84.51,35.0,26224.916
10:47,85.21,35.54,26122.721
10:48,84.51,35.72,26300.831
10:49,83.78,35.13,26389.176
10:50,83.02,34.77,26494.717
10:51,83.4,35.27,26473.029
10:52,84.15,35.64,26367.099
10:53,83.78,36.22,26493.265
10:54,83.02,36.65,26659.796
10:55,83.78,36.36,26506.181
10:56,83.78,36.12,26483.977
10:57,83.78,36.26,26496.965
10:58,83.02,35.57,26567.096
10:59,82.62,35.78,26648.322
11:00,83.4,35.62,26505.519
11:01,84.15,36.14,26416.244
11:02,84.86,36.06,26259.774
11:03,84.15,35.68,26371.081
11:04,83.78,35.79,26452.956
11:05,83.4,35.79,26521.071
11:06,83.4,35.84,26525.618
11:07,83.4,36.06,26545.471
11:08,83.4,36.09,26548.159
11:09,83.78,36.32,26502.501
11:10,84.15,35.99,26401.644
11:11,84.15,35.64,26367.099
11:12,84.86,35.9,26242.797
11:13,84.15,35.85,26387.906
11:14,83.78,36.33,26503.421
11:15,84.15,35.87,26389.875
11:16,83.78,36.28,26498.812
11:17,83.02,36.87,26677.998
11:18,82.22,36.29,26748.995
11:19,83.02,35.69,26577.676
11:20,83.02,35.55,26565.326
11:21,83.02,35.6,26569.748
11:22,82.62,36.06,26671.627
11:23,82.22,36.49,26764.546
11:24,81.38,36.89,26901.372
11:25,82.22,37.22,26819.836
11:26,82.22,37.23,26820.578
11:27,81.8,37.97,26925.298
11:28,81.8,38.26,26944.905
11:29,81.8,38.61,26968.141
11:30,81.38,38.28,26994.285
11:31,81.8,37.73,26908.824
11:32,80.95,38.25,27038.497
11:33,81.38,37.63,26951.754
11:34,82.22,37.18,26816.865
11:35,81.38,37.49,26942.385
11:36,81.38,37.77,26961.048
11:37,80.95,37.52,26992.512
11:38,81.8,37.72,26908.133
11:39,82.62,37.0,26747.224
11:40,83.4,37.63,26680.248
11:41,82.62,37.96,26820.391
11:42,82.22,38.68,26923.768
11:43,81.38,38.45,27005.15
11:44,81.38,38.99,27038.97
11:45,82.22,38.26,26894.75
11:46,82.22,38.83,26933.965
11:47,82.62,38.99,26894.581
11:48,82.62,39.45,26926.335
11:49,83.02,40.06,26917.973
11:50,82.62,39.69,26942.575
11:51,83.02,39.81,26900.697
11:52,82.22,40.38,27034.364
11:53,82.62,39.96,26960.58
11:54,82.22,39.76,26995.27
11:55,81.8,39.72,27038.829
11:56,82.62,39.17,26907.106
11:57,82.22,39.06,26949.431
11:58,83.02,38.9,26835.692
11:59,82.22,38.15,26887.034
12:00,81.8,37.43,26887.912
12:01,81.38,36.98,26907.614
12:02,81.8,37.54,26895.621
12:03,82.62,37.18,26761.248
12:04,83.4,37.88,26700.631
12:05,83.02,38.14,26778.766
12:06,82.62,38.88,26886.864
12:07,83.4,39.63,26835.517
12:08,83.78,40.1,26816.138
12:09,83.4,39.55,26829.638
12:10,83.4,40.0,26862.361
12:11,83.4,40.29,26883.009
12:12,83.02,40.42,26942.422
12:13,83.78,40.32,26832.41
12:14,84.51,40.66,26747.044
12:15,84.86,40.19,26649.544
12:16,84.86,40.61,26684.359
12:17,84.86,40.0,26633.521
12:18,84.51,40.47,26732.075
12:19,84.15,40.38,26782.036
12:20,83.78,39.78,26792.104
12:21,83.78,40.55,26849.205
12:22,83.78,40.36,26835.347
12:23,83.78,39.87,26798.908
12:24,84.15,39.1,26680.653
12:25,84.15,38.57,26636.481
12:26,84.51,38.87,26599.441
12:27,84.15,38.59,26638.172
12:28,84.86,38.36,26487.873
12:29,84.15,37.79,26569.029
12:30,84.86,37.69,26424.413
12:31,84.15,37.14,26510.518
12:32,84.15,37.32,26526.935
12:33,83.4,37.37,26658.742
12:34,83.02,37.8,26752.494
12:35,83.78,37.87,26639.233
12:36,83.4,37.9,26702.249
12:37,83.4,37.58,26676.137
12:38,83.02,37.01,26689.464
12:39,83.02,36.83,26674.705
12:40,83.02,36.65,26659.796
12:41,82.22,36.59,26772.256
12:42,82.62,36.72,26725.124
12:43,83.4,36.24,26561.533
12:44,84.15,36.46,26446.986
12:45,83.78,35.74,26448.206
12:46,83.4,35.54,26498.148
12:47,83.78,36.18,26489.556
12:48,84.51,36.43,26372.785
12:49,85.21,36.74,26254.178
12:50,85.21,37.33,26315.686
12:51,85.87,36.67,26084.328
12:52,85.87,37.08,26131.091
12:53,86.2,36.6,25989.635
12:54,85.87,35.96,26000.82
12:55,86.2,35.28,25824.665
12:56,85.55,35.81,26069.628
12:57,85.87,35.24,25912.766
12:58,85.21,35.44,26111.37
12:59,85.21,35.17,26080.408
13:00,85.55,34.53,25915.659
13:01,84.86,34.68,26108.304
13:02,85.21,34.16,25960.447
13:03,85.87,33.71,25713.837
13:04,86.51,33.87,25530.414
13:05,86.2,33.27,25549.754
13:06,86.82,33.72,25398.931
13:07,87.41,33.67,25158.235
13:08,87.12,33.28,25214.469
13:09,87.7,33.37,24982.896
13:10,87.7,33.55,25014.106
13:11,87.12,33.52,25253.122
13:12,87.12,33.21,25203.103
13:13,87.12,33.81,25299.184
13:14,87.12,33.21,25203.103
13:15,87.7,33.0,24917.823
13:16,87.12,32.6,25102.281
13:17,86.82,32.75,25247.327
13:18,86.2,32.9,25495.848
13:19,85.87,32.29,25513.988
13:20,85.87,32.13,25490.507
13:21,86.2,31.74,25319.83
13:22,85.55,32.2,25606.454
13:23,85.55,32.64,25667.849
13:24,85.87,32.72,25576.113
13:25,85.87,32.67,25568.962
13:26,85.21,32.56,25756.404
13:27,84.86,32.92,25897.741
13:28,84.15,32.81,26061.801
13:29,83.78,32.66,26128.67
13:30,83.02,32.27,26246.571
13:31,82.62,32.75,26371.284
13:32,82.62,32.27,26322.943
13:33,83.02,32.16,26234.844
13:34,83.78,32.0,26052.855
13:35,83.02,31.8,26195.963
13:36,83.78,31.79,26028.153
13:37,83.78,32.19,26074.962
13:38,83.02,32.13,26231.633
13:39,83.4,32.56,26198.875
13:40,82.62,32.06,26301.387
13:41,82.22,31.87,26356.634
13:42,81.38,31.6,26472.567
13:43,81.38,31.64,26476.311
13:44,80.95,31.98,26573.685
13:45,81.8,31.74,26416.054
13:46,82.62,31.47,26239.468
13:47,81.8,31.93,26434.361
13:48,81.8,32.5,26488.133
13:49,81.38,32.39,26544.983
13:50,80.95,32.27,26599.01
13:51,81.8,32.11,26451.526
13:52,81.38,32.14,26522.411
13:53,81.38,32.45,26550.353
13:54,81.8,32.96,26530.298
13:55,82.22,32.43,26411.869
13:56,81.8,32.87,26522.133
13:57,82.62,32.96,26392.032
13:58,82.62,33.19,26414.479
13:59,83.02,33.0,26322.62
14:00,83.02,33.16,26338.882
14:01,82.62,32.5,26346.267
14:02,82.22,32.05,26374.576
14:03,82.62,32.3,26326.002
14:04,82.22,32.22,26391.357
14:05,82.62,31.61,26254.343
14:06,82.62,31.77,26271.204
14:07,83.02,32.02,26219.815
14:08,82.22,32.63,26431.182
14:09,83.02,32.64,26285.5
14:10,83.78,33.06,26173.301
14:11,83.4,33.34,26282.043
14:12,83.02,33.49,26371.97
14:13,83.78,32.98,26164.453
14:14,84.51,33.4,26045.042
14:15,83.78,32.75,26138.798
14:16,84.15,33.28,26115.852
14:17,84.86,32.65,25863.618
14:18,85.21,32.42,25737.697
14:19,85.55,32.37,25630.346
14:20,85.21,32.61,25763.051
14:21,85.87,32.42,25532.92
14:22,85.21,32.67,25771.004
14:23,85.55,32.38,25631.745
14:24,86.2,31.98,25357.137
14:25,85.87,32.49,25543.06
14:26,86.51,31.91,25230.279
14:27,86.51,32.15,25268.716
14:28,85.87,32.22,25503.74
14:29,85.21,32.19,25706.658
14:30,85.55,32.28,25617.725
14:31,85.55,32.48,25645.691
14:32,85.55,32.01,25579.494
14:33,84.86,31.8,25752.886
14:34,84.86,31.98,25776.76
14:35,84.51,31.8,25848.743
14:36,85.21,31.47,25606.981
14:37,84.51,31.58,25820.395
14:38,85.21,32.18,25705.3
14:39,85.87,32.62,25561.792
14:40,86.2,32.02,25363.309
14:41,86.2,32.24,25397.024
14:42,86.82,32.32,25177.613
14:43,86.2,32.21,25392.449
14:44,85.55,32.24,25612.095
14:45,86.2,31.8,25329.201
14:46,86.51,31.9,25228.667
14:47,85.87,32.1,25486.082
14:48,85.87,31.7,25426.406
14:49,85.87,31.33,25370.071
14:50,86.2,31.67,25308.86
14:51,86.51,31.77,25207.634
14:52,87.12,31.93,24987.797
14:53,87.12,31.87,24977.35
14:54,87.12,32.46,25078.687
14:55,87.12,32.21,25036.125
14:56,86.51,31.71,25197.878
14:57,86.51,31.81,25214.121
14:58,86.51,32.32,25295.651
14:59,86.51,32.25,25284.589
15:00,86.2,31.87,25340.096
15:01,85.55,31.55,25513.08
15:02,85.55,30.95,25423.982
15:03,85.21,31.47,25606.981
15:04,85.21,31.7,25639.24
15:05,85.87,32.31,25516.909
15:06,86.51,32.12,25263.938
15:07,86.2,31.83,25333.875
15:08,86.2,31.96,25354.046
15:09,86.82,31.44,25029.98
15:10,86.2,31.57,25293.119
15:11,85.87,31.63,25415.832
15:12,85.55,31.76,25543.601
15:13,86.2,32.04,25366.39
15:14,86.82,32.01,25126.374
15:15,86.82,31.66,25067.523
15:16,86.82,31.67,25069.219
15:17,87.12,32.12,25020.667
15:18,87.12,32.15,25025.828
15:19,86.51,32.26,25286.172
15:20,86.82,31.89,25106.317
15:21,86.82,32.03,25129.705
15:22,87.41,31.65,24806.758
15:23,87.41,32.09,24886.464
15:24,87.12,32.18,25030.98
15:25,87.7,32.55,24836.991
15:26,87.41,33.06,25055.938
15:27,87.12,33.59,25264.305
15:28,87.41,33.09,25061.045
15:29,87.98,32.6,24710.439
15:30,87.98,32.69,24727.34
15:31,87.98,33.32,24843.5
15:32,88.25,33.56,24752.701
15:33,88.25,33.34,24711.523
15:34,88.52,32.8,24463.713
15:35,88.52,32.39,24380.53
15:36,88.78,32.04,24152.048
15:37,89.28,31.58,23713.931
15:38,89.28,31.05,23586.278
15:39,88.78,30.66,23843.165
15:40,88.52,30.79,24039.235
15:41,88.78,30.26,23749.712
15:42,88.52,30.02,23865.219
15:43,88.52,30.25,23917.878
15:44,88.78,30.09,23709.449
15:45,88.25,29.49,23912.321
15:46,87.98,29.75,24133.713
15:47,87.7,29.84,24309.176
15:48,87.41,29.81,24453.464
15:49,86.82,29.43,24666.616
15:50,87.12,29.32,24502.419
15:51,87.41,28.99,24285.223
15:52,87.41,28.7,24224.074
15:53,87.12,29.24,24486.508
15:54,87.12,29.03,24444.436
15:55,87.12,29.56,24549.774
15:56,87.41,28.98,24283.129
15:57,87.7,29.53,24244.115
15:58,87.7,29.83,24307.092
15:59,87.98,29.57,24094.482
16:00,88.25,29.1,23822.625
16:01,88.78,28.98,23438.441
16:02,88.25,29.26,23859.626
16:03,87.98,29.01,23970.213
16:04,88.25,29.31,23871.131
16:05,87.98,29.02,23972.462
16:06,87.98,29.07,23983.689
16:07,88.52,28.84,23585.755
16:08,88.25,29.37,23884.901
16:09,88.25,28.91,23778.316
16:10,88.78,29.4,23542.654
16:11,88.52,29.47,23736.912
16:12,88.78,29.46,23557.375
16:13,88.25,28.9,23775.973
16:14,87.98,28.48,23849.465
16:15,87.7,28.19,23951.257
16:16,87.98,28.06,23751.58
16:17,88.52,27.77,23318.569
16:18,88.52,27.32,23202.195
16:19,88.52,27.22,23176.008
16:20,88.25,27.55,23449.262
16:21,88.78,27.07,22938.222
16:22,88.78,27.07,22938.222
16:23,89.28,26.83,22450.337
16:24,89.53,26.56,22145.791
16:25,89.28,26.53,22361.195
16:26,88.78,26.57,22800.001
16:27,88.78,26.4,22752.307
16:28,89.28,26.53,22361.195
16:29,89.28,27.05,22514.983
16:30,89.28,26.66,22399.963
16:31,89.53,27.02,22286.311
16:32,89.04,26.87,22676.258
16:33,89.04,27.31,22800.539
16:34,89.28,27.62,22679.641
16:35,89.28,27.62,22679.641
16:36,89.28,27.16,22547.077
16:37,89.77,26.89,22018.358
16:38,89.28,26.86,22459.188
16:39,89.53,26.6,22158.118
16:40,89.77,26.54,21907.638
16:41,90.0,26.25,21572.234
16:42,89.77,25.82,21674.857
16:43,90.23,25.74,21145.562
16:44,90.45,25.4,20759.215
16:45,90.45,25.01,20616.152
16:46,90.45,24.94,20590.265
16:47,90.0,24.96,21132.396
16:48,90.0,24.56,20991.6
16:49,90.0,24.96,21132.396
16:50,90.23,24.59,20735.022
16:51,90.67,24.35,20083.93
16:52,90.45,24.26,20335.494
16:53,90.0,23.8,20718.397
16:54,90.0,23.34,20549.457
16:55,90.45,22.93,19820.339
16:56,90.45,22.56,19673.194
16:57,90.67,23.0,19548.614
16:58,90.23,22.59,19980.724
16:59,89.77,22.72,20595.947
17:00,89.77,22.84,20639.989
17:01,89.28,23.05,21243.199
17:02,89.28,23.13,21270.635
17:03,88.78,23.46,21870.508
17:04,88.78,23.17,21777.645
17:05,89.28,23.25,21311.637
17:06,89.04,23.23,21554.685
17:07,89.04,23.36,21597.632
17:08,89.28,23.76,21483.857
17:09,89.53,23.63,21186.729
17:10,89.04,23.88,21767.28
17:11,89.28,24.09,21593.529
17:12,89.53,24.07,21337.806
17:13,89.53,24.08,21341.211
17:14,89.28,24.12,21603.43
17:15,89.28,24.51,21731.097
17:16,89.28,24.76,21811.911
17:17,89.28,24.52,21734.345
17:18,89.28,24.57,21750.566
17:19,89.28,24.33,21672.416
17:20,89.04,24.17,21860.401
17:21,89.28,24.4,21695.286
17:22,89.04,24.8,22059.018
17:23,89.53,25.18,21707.878
17:24,89.28,25.53,22055.787
17:25,89.28,25.18,21945.876
17:26,89.77,24.8,21333.529
17:27,89.77,25.15,21452.176
17:28,90.23,25.55,21078.927
17:29,90.23,25.23,20965.629
17:30,89.77,24.97,21391.356
17:31,90.23,25.05,20901.309
17:32,90.45,25.21,20689.766
17:33,90.23,25.51,21064.838
17:34,90.23,25.17,20944.236
17:35,90.45,24.88,20568.025
17:36,90.23,24.59,20735.022
17:37,90.0,24.24,20877.472
17:38,90.0,24.01,20794.629
17:39,89.53,24.4,21449.485
17:40,89.77,24.58,21258.138
17:41,89.53,24.13,21358.215
17:42,89.04,23.83,21751.116
17:43,89.04,23.73,21718.695
17:44,88.52,23.75,22191.996
17:45,88.78,23.43,21860.95
17:46,89.04,23.63,21686.146
17:47,88.78,23.55,21899.112
17:48,88.52,23.66,22164.495
17:49,88.78,23.76,21965.459
17:50,89.28,23.48,21389.714
17:51,89.04,23.28,21571.228
17:52,89.28,23.11,21263.784
17:53,89.04,23.46,21630.522
17:54,88.52,23.03,21969.152
17:55,88.78,23.18,21780.865
17:56,88.52,23.34,22065.892
17:57,87.98,22.98,22405.714
17:58,88.52,22.74,21877.568
17:59,88.25,22.78,22121.988
18:00,88.78,22.46,21545.834
18:01,89.28,22.88,21184.63
18:02,89.28,22.69,21118.74
18:03,89.28,22.64,21101.325
18:04,88.78,22.26,21479.397
18:05,88.78,22.04,21405.741
18:06,89.28,22.47,21041.88
18:07,88.78,22.88,21683.725
18:08,89.04,23.29,21574.533
18:09,88.52,22.88,21921.912
18:10,88.52,23.19,22019.232
18:11,88.78,23.23,21796.945
18:12,88.52,23.16,22009.866
18:13,88.25,22.71,22100.439
18:14,88.25,22.3,21973.004
18:15,88.78,22.36,21512.678
18:16,88.52,22.73,21874.391
18:17,89.04,22.37,21265.211
18:18,89.53,22.38,20744.139
18:19,89.04,22.13,21182.775
18:20,89.53,22.07,20631.358
18:21,89.28,21.93,20850.671
18:22,89.53,21.81,20535.86
18:23,89.53,21.51,20424.652
18:24,89.28,21.39,20655.879
18:25,89.28,21.33,20634.017
18:26,89.28,21.0,20513.006
18:27,88.78,21.4,21188.062
18:28,88.78,21.12,21091.247
18:29,89.04,21.42,20934.73
18:30,89.53,21.61,20461.842
18:31,89.77,21.24,20038.334
18:32,89.77,21.3,20061.447
18:33,89.77,21.26,20046.043
18:34,89.77,20.94,19922.149
18:35,89.77,21.02,19953.232
18:36,90.23,20.68,19215.748
18:37,90.67,20.46,18485.438
18:38,90.23,20.58,19174.6
18:39,90.0,20.29,19364.664
18:40,90.45,20.53,18838.59
18:41,90.67,20.54,18519.909
18:42,90.88,20.44,18145.573
18:43,90.88,20.53,18185.139
18:44,90.88,20.76,18285.947
18:45,91.29,21.0,17715.664
18:46,91.29,21.3,17850.97
18:47,91.49,20.93,17335.11
18:48,91.49,20.81,17279.807
18:49,91.87,20.62,16469.529
18:50,92.06,20.45,16016.978
18:51,92.24,20.77,15795.282
18:52,92.06,21.17,16363.263
18:53,91.87,21.24,16763.738
18:54,91.68,20.87,16951.225
18:55,91.49,20.68,17219.798
18:56,91.29,20.3,17397.454
18:57,91.29,20.43,17456.793
18:58,91.49,20.63,17196.692
18:59,91.29,20.85,17647.758
19:00,91.68,21.03,17026.056
19:01,91.87,21.3,16792.122
19:02,91.87,21.66,16962.03
19:03,91.68,21.82,17393.311
19:04,92.06,21.48,16511.887
19:05,92.06,21.08,16320.051
19:06,92.24,21.41,16106.246
19:07,92.24,21.16,15984.861
19:08,91.87,20.87,16588.345
19:09,92.06,20.92,16243.167
19:10,92.24,20.75,15785.556
19:11,92.59,20.63,14958.449
19:12,92.41,20.38,15222.732
19:13,92.24,20.74,15780.692
19:14,92.41,20.97,15512.158
19:15,92.41,20.64,15350.215
19:16,92.59,20.49,14889.353
19:17,92.41,20.16,15114.989
19:18,92.59,20.34,14815.407
19:19,92.76,20.58,14542.312
19:20,92.76,20.49,14497.715
19:21,92.92,20.56,14137.046
19:22,92.76,20.65,14577.031
19:23,92.59,21.01,15146.303
19:24,92.76,21.22,14860.593
19:25,92.59,20.9,15091.887
19:26,92.59,20.75,15017.729
19:27,92.59,20.39,14840.045
19:28,92.76,20.75,14626.675
19:29,92.59,21.09,15185.894
19:30,92.41,21.31,15679.042
19:31,92.76,21.12,14810.753
19:32,92.41,20.84,15448.351
19:33,92.59,20.87,15077.051
19:34,92.76,21.01,14755.969
19:35,92.76,21.08,14790.826
19:36,92.76,20.83,14666.425
19:37,92.59,20.78,15032.556
19:38,92.76,20.63,14567.109
19:39,92.59,20.78,15032.556
19:40,92.41,21.19,15620.146
19:41,92.41,21.17,15610.329
19:42,92.24,21.5,16149.906
19:43,92.59,21.39,15334.438
19:44,92.24,21.68,16237.154
19:45,92.41,21.99,16012.398
19:46,92.76,21.94,15220.097
19:47,92.59,21.55,15413.687
19:48,92.76,21.22,14860.593
19:49,92.59,21.62,15448.36
19:50,92.41,21.37,15708.485
19:51,92.06,20.96,16262.395
19:52,92.24,20.77,15795.282
19:53,91.87,20.73,16521.835
19:54,91.68,20.65,16848.121
19:55,91.49,20.37,17076.317
19:56,91.49,20.12,16960.252
19:57,91.68,19.99,16537.609
19:58,91.68,20.04,16561.184
19:59,91.29,20.19,17347.165
20:00,91.49,20.19,16992.78
20:01,91.49,20.04,16923.052
20:02,91.29,19.82,17177.524
20:03,91.29,19.68,17113.156
20:04,91.09,19.38,17328.287
20:05,91.49,19.32,16587.204
20:06,91.49,19.23,16545.121
20:07,91.29,19.52,17039.485
20:08,91.49,19.46,16652.63
20:09,91.68,19.26,16192.816
20:10,91.68,18.94,16041.519
20:11,91.49,18.96,16418.789
20:12,91.87,19.04,15715.985
20:13,91.87,19.29,15835.241
20:14,91.87,19.37,15873.419
20:15,91.87,19.31,15844.785
20:16,92.06,19.21,15419.869
20:17,92.06,19.08,15357.431
20:18,92.06,19.39,15506.41
20:19,91.87,19.14,15763.676
20:20,92.06,19.23,15429.48
20:21,91.68,19.41,16263.726
20:22,91.49,19.12,16493.666
20:23,91.09,19.06,17182.553
20:24,91.29,19.08,16836.386
20:25,91.09,18.96,17136.92
20:26,91.29,19.27,16924.17
20:27,91.68,19.13,16131.352
20:28,91.49,18.84,16362.612
20:29,91.29,18.78,16697.576
20:30,90.88,18.41,17238.485
20:31,90.67,18.31,17540.72
20:32,90.67,17.98,17393.289
20:33,90.67,18.32,17545.18
20:34,90.88,18.37,17220.394
20:35,91.09,18.64,16990.651
20:36,90.67,18.65,17692.095
20:37,90.67,18.37,17567.475
20:38,90.45,18.49,17960.56
20:39,90.45,18.82,18104.737
20:40,90.67,18.96,17829.57
20:41,90.45,18.59,18004.323
20:42,90.67,18.94,17820.718
20:43,91.09,18.78,17054.687
20:44,91.09,18.61,16976.921
20:45,91.29,18.25,16451.955
20:46,91.09,18.02,16706.469
20:47,91.09,18.0,16697.291
20:48,91.09,17.91,16655.983
20:49,90.67,17.88,17348.528
20:50,90.67,18.02,17411.183
20:51,90.88,17.88,16998.373
20:52,91.09,18.13,16756.942
20:53,90.88,18.48,17270.13
20:54,90.45,18.18,17824.518
20:55,90.88,18.37,17220.394
20:56,90.67,18.68,17705.422
20:57,90.45,18.79,18091.659
20:58,90.45,19.07,18213.475
20:59,90.67,18.75,17736.502
21:00,90.45,18.57,17995.576
21:01,90.23,18.91,18473.368
21:02,90.23,18.99,18507.514
21:03,90.23,19.36,18664.765
21:04,90.23,19.71,18812.444
21:05,90.67,19.76,18181.493
21:06,90.45,19.49,18395.122
21:07,90.45,19.79,18524.013
21:08,90.23,20.17,19004.84
21:09,90.45,19.96,18596.715
21:10,90.67,19.91,18246.961
21:11,90.45,19.82,18536.861
21:12,90.23,19.53,18736.629
21:13,90.67,19.27,17966.461
21:14,90.45,18.89,18135.227
21:15,90.88,18.97,17491.069
21:16,91.09,18.77,17050.115
21:17,90.88,19.12,17558.474
21:18,90.67,19.38,18014.883
21:19,90.88,19.45,17706.326
21:20,91.09,19.49,17378.271
21:21,90.67,19.74,18172.751
21:22,90.45,19.49,18395.122
21:23,90.88,19.7,17817.893
21:24,91.09,19.52,17391.893
21:25,91.49,19.36,16605.902
21:26,91.68,19.32,16221.182
21:27,91.49,19.34,16596.553
21:28,91.49,19.21,16535.767
21:29,91.87,19.07,15730.29
21:30,92.06,19.37,15496.79
21:31,92.24,19.45,15154.104
21:32,92.24,19.58,15217.071
21:33,92.59,19.62,14462.161
21:34,92.59,19.32,14316.069
21:35,92.59,19.52,14413.38
21:36,92.41,19.55,14817.22
21:37,92.24,19.77,15309.209
21:38,92.24,20.07,15454.894
21:39,92.24,19.91,15377.169
21:40,92.06,20.25,15920.627
21:41,92.24,20.48,15654.237
21:42,92.24,20.18,15508.357
21:43,92.06,20.43,16007.344
21:44,91.87,20.48,16402.903
21:45,91.87,20.45,16388.619
21:46,91.87,20.65,16483.798
21:47,91.87,20.81,16559.849
21:48,91.87,20.63,16474.286
21:49,91.49,20.68,17219.798
21:50,91.09,20.84,17985.709
21:51,91.09,21.15,18123.317
21:52,90.67,21.21,18806.278
21:53,90.67,20.87,18661.487
21:54,90.88,21.17,18464.506
21:55,91.29,21.41,17900.405
21:56,91.49,21.44,17569.089
21:57,91.87,21.21,16749.54
21:58,91.87,20.8,16555.099
21:59,92.06,20.67,16122.906
22:00,92.24,20.38,15605.603
22:01,92.06,20.67,16122.906
22:02,92.06,20.78,16175.838
22:03,91.87,20.6,16460.015
22:04,92.24,20.67,15746.648
22:05,92.59,20.85,15067.161
22:06,92.41,21.13,15590.695
22:07,92.41,20.93,15492.524
22:08,92.59,20.67,14978.204
22:09,92.59,20.9,15091.887
22:10,92.59,21.31,15294.817
22:11,92.76,21.61,15055.221
22:12,92.59,21.34,15309.674
22:13,92.41,21.62,15831.12
22:14,92.41,21.89,15963.437
22:15,92.59,21.96,15616.732
22:16,92.76,21.62,15060.215
22:17,92.92,21.29,14501.471
22:18,92.92,21.06,14386.299
22:19,93.24,21.34,13726.949
22:20,93.39,21.27,13287.298
22:21,93.54,21.15,12820.893
22:22,93.69,21.08,12378.931
22:23,93.69,21.46,12567.394
22:24,93.83,21.38,12118.469
22:25,93.97,21.17,11607.949
22:26,94.11,21.14,11187.733
22:27,94.11,21.4,11311.219
22:28,94.25,21.66,11027.885
22:29,94.11,21.64,11426.803
22:30,94.11,21.9,11553.634
22:31,94.25,21.81,11099.595
22:32,94.38,21.57,10580.027
22:33,94.38,21.57,10580.027
22:34,94.5,21.25,10036.936
22:35,94.38,21.03,10335.516
22:36,94.5,20.86,9869.763
22:37,94.38,20.52,10114.456
22:38,94.5,20.35,9660.963
22:39,94.5,20.7,9803.017
22:40,94.38,20.37,10051.423
22:41,94.25,20.65,10562.859
22:42,94.38,20.88,10269.454
22:43,94.5,20.49,9717.118
22:44,94.5,20.46,9705.009
22:45,94.38,20.25,10001.68
22:46,94.38,20.58,10139.93
22:47,94.25,20.79,10625.309
22:48,94.38,20.88,10269.454
22:49,94.25,20.89,10670.336
22:50,94.11,21.29,11258.748
22:51,94.25,21.22,10821.3
22:52,94.38,20.92,10286.988
22:53,94.25,20.8,10629.796
22:54,94.25,20.64,10558.425
22:55,94.11,21.04,11140.743
22:56,93.97,20.88,11469.448
22:57,93.83,20.83,11850.57
22:58,93.83,20.82,11845.761
22:59,93.83,20.86,11865.008
23:00,93.83,21.15,12005.641
23:01,93.69,21.21,12443.118
23:02,93.54,21.02,12756.291
23:03,93.54,20.73,12613.177
23:04,93.69,20.56,12125.489
23:05,93.54,20.39,12447.308
23:06,93.39,20.15,12733.754
23:07,93.54,19.84,12183.983
23:08,93.54,19.72,12127.438
23:09,93.54,19.37,11964.563
23:10,93.24,19.32,12735.205
23:11,93.39,19.29,12323.915
23:12,93.54,19.36,11959.956
23:13,93.54,19.74,12136.838
23:14,93.54,19.92,12221.868
23:15,93.24,19.69,12912.091
23:16,93.39,19.7,12517.357
23:17,93.24,19.69,12912.091
23:18,93.08,19.84,13383.971
23:19,93.24,20.22,13169.71
23:20,93.08,20.41,13664.082
23:21,93.24,20.65,13381.851
23:22,93.24,20.45,13282.865
23:23,93.24,20.43,13272.996
23:24,93.08,20.41,13664.082
23:25,92.76,20.59,14547.27
23:26,93.08,20.9,13907.831
23:27,93.08,21.05,13982.896
23:28,92.92,21.04,14376.298
23:29,92.76,21.01,14755.969
23:30,92.92,20.68,14196.706
23:31,93.08,20.28,13599.841
23:32,93.08,20.26,13589.975
23:33,92.92,20.62,14166.862
23:34,92.92,20.77,14241.522
23:35,92.92,20.79,14251.489
23:36,93.08,21.0,13957.853
23:37,93.24,21.39,13752.143
23:38,93.08,21.18,14048.098
23:39,92.76,21.14,14820.718
23:40,92.59,21.1,15190.844
23:41,92.41,21.42,15733.019
23:42,92.41,21.51,15777.172
23:43,92.41,21.58,15811.505
23:44,92.24,21.43,16115.95
23:45,92.06,21.35,16449.605
23:46,92.24,21.08,15945.991
23:47,92.24,20.88,15848.772
23:48,92.41,21.07,15561.243
23:49,92.24,21.47,16135.355
23:50,92.41,21.22,15634.87
23:51,92.59,21.11,15195.794
23:52,92.76,20.72,14611.776
23:53,92.59,20.91,15096.833
23:54,92.76,20.7,14601.846
23:55,92.59,20.36,14825.261
23:56,92.59,20.57,14928.828
23:57,92.59,20.46,14874.556
23:58,92.76,20.36,14433.384
23:59,92.92,20.13,13924.27
